press,sentiment
hankyoreh,0.4822517137142857
경향신문,0.58599899725
동아일보,0.950429976
머니투데이,0.6299339004666665
서울경제,0.6249096370000001
조선일보,0.6360293271666665
중앙일보,0.5755619686666668
프레시안,0.5823548582857143
